{
    "development_board": "elite_c",
    "matrix_pins": {
        "cols": ["B2", "B6", "B5", "B4", "E6", "D7", "C6", "D4"],
        "rows": ["F6", "F7", "B1", "B3"]
    },
    "diode_direction": "COL2ROW",
    "encoder": {
        "rotary": [
            {"pin_a": "F4", "pin_b": "F5"}
        ]
    },
    "split": {
        "handedness": {
            "matrix_grid": ["E6", "B3"]
        },
        "serial": {
            "pin": "D2"
        },
        "encoder": {
            "right": {
                "rotary": [
                    {"pin_a": "F5", "pin_b": "F4"}
                ]
            }
        },
        "matrix_pins": {
            "right": {
                "cols": ["B4", "B5", "B6", "B2", "B3", "B1", "F7", "F6"],
                "rows": ["D4", "C6", "D7", "E6"]
            }
        }
    },
    "ws2812": {
        "pin": "D3"
    }
}
